00-prague-1920x1280.jpg	prague	https://btcprague.com/wp-content/uploads/2025/07/btcprague-250620-main-050.jpg	1920	1280
01-prague-768x512.jpg	prague	https://btcprague.com/wp-content/uploads/2026/02/btcprague-250621-main-030-768x512.jpg	768	512
02-prague-768x512.jpg	prague	https://btcprague.com/wp-content/uploads/2025/07/btcprague-250620-main-050-768x512.jpg	768	512
03-prague-1920x1280.jpg	prague	https://btcprague.com/wp-content/themes/fns_template/assets/img/03_26_btcprg_hero_identity.jpg	1920	1280
04-prague-1920x1280.jpg	prague	https://btcprague.com/wp-content/uploads/2025/07/btcprague-mood-221.jpg	1920	1280
05-prague-1920x1280.jpg	prague	https://btcprague.com/wp-content/uploads/2025/07/btcprague-mood-559.jpg	1920	1280
06-prague-1920x1280.jpg	prague	https://btcprague.com/wp-content/uploads/2026/02/01_26_btcprg_hero_stage_vip.jpg	1920	1280
07-prague-768x512.jpg	prague	https://btcprague.com/wp-content/uploads/2025/07/btcprague-mood-201-768x512.jpg	768	512
08-prague-768x512.jpg	prague	https://btcprague.com/wp-content/uploads/2025/07/btcprague-mood-588-768x512.jpg	768	512
09-prague-768x512.jpg	prague	https://btcprague.com/wp-content/uploads/2026/02/btcprague-mood-466-768x512.jpg	768	512
10-prague-1920x1280.jpg	prague	https://btcprague.com/wp-content/uploads/2025/07/btcprague-250620-main-180.jpg	1920	1280
11-prague-768x512.jpg	prague	https://btcprague.com/wp-content/uploads/2025/07/btcprague-mood-550-768x512.jpg	768	512
12-prague-1920x1280.jpg	prague	https://btcprague.com/wp-content/uploads/2026/02/04_26_btcprg_hero_prague.jpg	1920	1280
13-prague-768x512.jpg	prague	https://btcprague.com/wp-content/uploads/2025/07/btcprague-250620-main-180-768x512.jpg	768	512
14-prague-1920x1280.jpg	prague	https://btcprague.com/wp-content/uploads/2026/02/03_26_btcprg_hero_identity.jpg	1920	1280
15-prague-768x512.jpg	prague	https://btcprague.com/wp-content/uploads/2026/02/btcprague-mood-611-768x512.jpg	768	512
16-prague-768x512.jpg	prague	https://btcprague.com/wp-content/uploads/2025/07/btcprague-mood-440-768x512.jpg	768	512
17-prague-1200x630.jpg	prague	https://2027.btcprague.com/wp-content/uploads/2026/06/27btcprg_og_image.png	1200	630
18-prague-1920x1280.jpg	prague	https://btcprague.com/wp-content/uploads/2025/07/btcprague-mood-588.jpg	1920	1280
19-prague-768x512.jpg	prague	https://btcprague.com/wp-content/uploads/2025/07/btcprague-mood-221-768x512.jpg	768	512
20-treasuries-640x2400.jpg	treasuries	https://assets-prod.bitcointreasuries.net/partner-images/4b58ceab-1fc6-456e-885e-fd7fecc6f5fd/image-4x.webp	640	2400
21-treasuries-1280x853.jpg	treasuries	https://assets-prod.bitcointreasuries.net/articles/01a01fac-5bf1-7000-a4a9-bbade4f7a70d_1280w.webp	1280	853
22-treasuries-672x560.jpg	treasuries	https://assets-prod.bitcointreasuries.net/partner-images/6a0617b1-bf33-4005-b43a-2d2bc8d48f61/image-2x.webp	672	560
23-treasuries-640x2400.jpg	treasuries	https://assets-prod.bitcointreasuries.net/partner-images/59505b2d-417b-4c2f-8317-d43018b397ac/image-4x.webp	640	2400
24-treasuries-4200x540.jpg	treasuries	https://assets-prod.bitcointreasuries.net/partner-images/cdb4c544-ab03-4ec9-8a04-d3086748580c/image-3x.webp	4200	540
25-treasuries-672x560.jpg	treasuries	https://assets-prod.bitcointreasuries.net/partner-images/c0bcb44b-afea-4246-80cb-2faf98c31914/image-2x.webp	672	560
26-treasuries-2400x250.jpg	treasuries	https://bitcointreasuries.net/_app/immutable/assets/bt-org-logo.Cua05s0t.png	2400	250
27-treasuries-1344x1120.jpg	treasuries	https://assets-prod.bitcointreasuries.net/partner-images/6767226c-118a-46aa-9641-9c78acafff9d/image-4x.webp	1344	1120
28-treasuries-640x2400.jpg	treasuries	https://assets-prod.bitcointreasuries.net/partner-images/bef66ae2-0bf3-4e05-8747-752984d31ca2/image-4x.webp	640	2400
29-treasuries-1920x1280.jpg	treasuries	https://assets-prod.bitcointreasuries.net/articles/01a01fac-5bf1-7000-a4a9-bbade4f7a70d_1920w.webp	1920	1280
30-treasuries-4200x540.jpg	treasuries	https://assets-prod.bitcointreasuries.net/partner-images/e4cb7509-6f34-46d8-bc26-e18c5c3064d1/image-3x.webp	4200	540
31-treasuries-5600x720.jpg	treasuries	https://assets-prod.bitcointreasuries.net/partner-images/e4cb7509-6f34-46d8-bc26-e18c5c3064d1/image-4x.webp	5600	720
32-treasuries-480x1800.jpg	treasuries	https://assets-prod.bitcointreasuries.net/partner-images/22863457-9190-4e0c-843f-e7b021d02a7a/image-3x.webp	480	1800
33-treasuries-2800x360.jpg	treasuries	https://assets-prod.bitcointreasuries.net/partner-images/37278554-3491-4707-8766-bf55dd46693d/image-2x.webp	2800	360
34-treasuries-612x408.jpg	treasuries	https://assets-prod.bitcointreasuries.net/articles/01a01358-2ff2-7000-a506-8d6247cd97cd_612w.webp	612	408
35-treasuries-4200x540.jpg	treasuries	https://assets-prod.bitcointreasuries.net/partner-images/377086ea-450a-4964-b33d-1baacafe450d/image-3x.webp	4200	540
36-treasuries-5600x720.jpg	treasuries	https://assets-prod.bitcointreasuries.net/partner-images/e3e2752b-c7e3-47b9-b1bf-6d95c4cb18ff/image-4x.webp	5600	720
37-treasuries-672x480.jpg	treasuries	https://assets-prod.bitcointreasuries.net/partner-images/6f3cf37b-0180-41ce-be32-498ef706f2f5/image-2x.webp	672	480
38-treasuries-672x560.jpg	treasuries	https://assets-prod.bitcointreasuries.net/partner-images/d98e95cc-1e5c-470e-b42f-037026043643/image-2x.webp	672	560
39-treasuries-1200x799.jpg	treasuries	https://assets-prod.bitcointreasuries.net/articles/01a02370-4b76-7000-b242-0de63725d151_1200w.webp	1200	799
40-treasuries-conf-1920x1280.jpg	treasuries-conf	https://bitcointreasuries.net/_app/immutable/assets/venue-09.DRTR6ufV.webp	1920	1280