00-corporate-1203x592.png	corporate	https://framerusercontent.com/images/bGgxaaPTwfAt7YF8HCw0CzqmJU.png	1203	592
01-corporate-512x430.png	corporate	https://framerusercontent.com/images/mwbFgAgNgxl0j6soaaj5v93eZHM.png?scale-down-to=512&width=1000&height=840	512	430
02-corporate-1000x840.png	corporate	https://framerusercontent.com/images/mwbFgAgNgxl0j6soaaj5v93eZHM.png?width=1000&height=840	1000	840
03-corporate-1024x492.png	corporate	https://framerusercontent.com/images/gD0Jva3mohSEAgUQnWH9corU6fc.png?scale-down-to=1024&width=1450&height=696	1024	492
04-corporate-1450x696.png	corporate	https://framerusercontent.com/images/gD0Jva3mohSEAgUQnWH9corU6fc.png?width=1450&height=696	1450	696
05-corporate-512x512.png	corporate	https://framerusercontent.com/images/p1WocUEcDJn2gP90KS5bf0BBg.png?scale-down-to=512&width=800&height=800	512	512
06-corporate-800x800.png	corporate	https://framerusercontent.com/images/p1WocUEcDJn2gP90KS5bf0BBg.png?width=800&height=800	800	800
07-corporate-512x512.png	corporate	https://framerusercontent.com/images/IVUqTQIGabZY0pz5cGhtlYs.png?scale-down-to=512&width=800&height=800	512	512
08-corporate-800x800.png	corporate	https://framerusercontent.com/images/IVUqTQIGabZY0pz5cGhtlYs.png?width=800&height=800	800	800
09-corporate-512x512.png	corporate	https://framerusercontent.com/images/izQCoTd1TWCbmAhlmMa5pQrd9GM.png?scale-down-to=512&width=800&height=800	512	512
10-corporate-800x800.png	corporate	https://framerusercontent.com/images/izQCoTd1TWCbmAhlmMa5pQrd9GM.png?width=800&height=800	800	800
11-corporate-512x512.png	corporate	https://framerusercontent.com/images/PJlNHGF18GrwWy0UOw5FKQOMRcQ.png?scale-down-to=512&width=1200&height=1200	512	512
12-corporate-1024x1024.png	corporate	https://framerusercontent.com/images/PJlNHGF18GrwWy0UOw5FKQOMRcQ.png?scale-down-to=1024&width=1200&height=1200	1024	1024
13-corporate-1200x1200.png	corporate	https://framerusercontent.com/images/PJlNHGF18GrwWy0UOw5FKQOMRcQ.png?width=1200&height=1200	1200	1200
14-corporate-512x512.png	corporate	https://framerusercontent.com/images/AHLZBUKJdonndnliK3O11tevPi4.png?scale-down-to=512&width=1200&height=1200	512	512
15-corporate-1024x1024.png	corporate	https://framerusercontent.com/images/AHLZBUKJdonndnliK3O11tevPi4.png?scale-down-to=1024&width=1200&height=1200	1024	1024
16-corporate-1200x1200.png	corporate	https://framerusercontent.com/images/AHLZBUKJdonndnliK3O11tevPi4.png?width=1200&height=1200	1200	1200
17-corporate-512x512.png	corporate	https://framerusercontent.com/images/Pm8FvZw4t9dVennoD6uOTZfJk2I.png?scale-down-to=512&width=1200&height=1200	512	512
18-corporate-1024x1024.png	corporate	https://framerusercontent.com/images/Pm8FvZw4t9dVennoD6uOTZfJk2I.png?scale-down-to=1024&width=1200&height=1200	1024	1024
19-corporate-1200x1200.png	corporate	https://framerusercontent.com/images/Pm8FvZw4t9dVennoD6uOTZfJk2I.png?width=1200&height=1200	1200	1200
20-corporate-512x512.png	corporate	https://framerusercontent.com/images/IVYmq9AdErHXU4VcMOkkn6Xso.png?scale-down-to=512&width=1200&height=1200	512	512
21-corporate-1024x1024.png	corporate	https://framerusercontent.com/images/IVYmq9AdErHXU4VcMOkkn6Xso.png?scale-down-to=1024&width=1200&height=1200	1024	1024
22-corporate-1200x1200.png	corporate	https://framerusercontent.com/images/IVYmq9AdErHXU4VcMOkkn6Xso.png?width=1200&height=1200	1200	1200
23-corporate-512x512.png	corporate	https://framerusercontent.com/images/dS7Wvmlqq9N2yKr8FM2VVzJZvA.png?scale-down-to=512&width=800&height=800	512	512
24-corporate-800x800.png	corporate	https://framerusercontent.com/images/dS7Wvmlqq9N2yKr8FM2VVzJZvA.png?width=800&height=800	800	800
25-corporate-512x512.png	corporate	https://framerusercontent.com/images/oE7qEogYo3wc68vOJcUmtmUNXU.png?scale-down-to=512&width=800&height=800	512	512
26-corporate-800x800.png	corporate	https://framerusercontent.com/images/oE7qEogYo3wc68vOJcUmtmUNXU.png?width=800&height=800	800	800
27-corporate-512x512.png	corporate	https://framerusercontent.com/images/pOyMmIkUc4eVe3sfDEEYd6dXl0.png?scale-down-to=512&width=800&height=800	512	512
28-corporate-800x800.png	corporate	https://framerusercontent.com/images/pOyMmIkUc4eVe3sfDEEYd6dXl0.png?width=800&height=800	800	800
29-corporate-512x512.png	corporate	https://framerusercontent.com/images/AjrszE1br27qKTKEXJ6JN1HhY.png?scale-down-to=512&width=800&height=800	512	512
30-corporate-800x800.png	corporate	https://framerusercontent.com/images/AjrszE1br27qKTKEXJ6JN1HhY.png?width=800&height=800	800	800
31-corporate-512x512.png	corporate	https://framerusercontent.com/images/u2hINcjnnQOta5SZvGPhSeuzZc.png?scale-down-to=512&width=1200&height=1200	512	512
32-corporate-1024x1024.png	corporate	https://framerusercontent.com/images/u2hINcjnnQOta5SZvGPhSeuzZc.png?scale-down-to=1024&width=1200&height=1200	1024	1024
33-corporate-1200x1200.png	corporate	https://framerusercontent.com/images/u2hINcjnnQOta5SZvGPhSeuzZc.png?width=1200&height=1200	1200	1200
34-corporate-512x512.png	corporate	https://framerusercontent.com/images/H5k3ZKWN0ZF8zeJWRWz6IhgKM.png?scale-down-to=512&width=800&height=800	512	512
35-corporate-800x800.png	corporate	https://framerusercontent.com/images/H5k3ZKWN0ZF8zeJWRWz6IhgKM.png?width=800&height=800	800	800
36-corporate-512x512.png	corporate	https://framerusercontent.com/images/YBM9vkQb5cnyJVg346gij879LE.png?scale-down-to=512&width=800&height=800	512	512
37-corporate-800x800.png	corporate	https://framerusercontent.com/images/YBM9vkQb5cnyJVg346gij879LE.png?width=800&height=800	800	800
38-corporate-512x512.png	corporate	https://framerusercontent.com/images/d8MmgR594n2KyCuPBl4sURJZpoM.png?scale-down-to=512&width=1200&height=1200	512	512
39-corporate-1024x1024.png	corporate	https://framerusercontent.com/images/d8MmgR594n2KyCuPBl4sURJZpoM.png?scale-down-to=1024&width=1200&height=1200	1024	1024